<?xml version="1.0" encoding="UTF-8" standalone="yes"?>
<addon id="repository.DarkmanList" name="[COLOR lime]Mi Repositorio[/COLOR] Repo" version="1.0.0" provider-name="Darkman2110">
    <extension point="xbmc.addon.repository" name="Mi repositorio">
        <info>https://raw.githubusercontent.com/Darkman2110/repo/master/Repositorio/addons.xml</info>
        <checksum>https://raw.githubusercontent.com/Darkman2110/repo/master/Repositorio/addons.xml.md5</checksum>
        <datadir zip="true">https://raw.githubusercontent.com/Darkman2110/master/Repositorio/</datadir>
    </extension>
    <extension point="xbmc.addon.metadata">
        <summary>Repositorio para Ti</summary>
        <description></description>
        <disclaimer></disclaimer>
        <platform>all</platform>
    </extension>
</addon>
