<?xml version="1.0" encoding="UTF-8"?>
    <addon id="repository.DarkmanList" name="DarkmanList.Repo" version="1.0.2" provider-name="Darkman2110">
        <requires>
            <import addon="xbmc.addon" version="12.0.0"/>
        </requires>
        <extension point="xbmc.addon.repository" name="Darkman2110 Repositorio Oficial">
            <info compressed="false">https://raw.githubusercontent.com/Darkman2110/repo/master/Repositorio/addons.xml</info>
            <checksum>https://raw.githubusercontent.com/Darkman2110/repo/master/Repositorio/addons.xml.md5</checksum>
            <datadir zip="true">https://raw.githubusercontent.com/Darkman2110/repo/master/Repositorio/</datadir>
        </extension>
        <extension point="xbmc.addon.metadata">
            <summary>Repositorio para DarkmanList 1.0.0</summary>
            <description>Repositorio que pertenece a DarkmanList.</description>
            <platform>all</platform>
    </extension>
</addon>